{
  "Set Local Environment Vars": false,
  "Working Directory": "\/Users\/onerciller",
  "Prompt Before Closing 2": false,
  "Selected Text Color": {
    "Green Component": 0.56231993436813354,
    "Red Component": 0.48961970210075378,
    "Blue Component": 0.64197766780853271
  },
  "Rows": 25,
  "Ansi 11 Color": {
    "Green Component": 0.71008038520812988,
    "Red Component": 0.86981719732284546,
    "Blue Component": 0.40063473582267761
  },
  "Use Italic Font": true,
  "Foreground Color": {
    "Red Component": 0.82212448120117188,
    "Color Space": "Calibrated",
    "Blue Component": 0.82211387157440186,
    "Alpha Component": 1,
    "Green Component": 0.82209980487823486
  },
  "Right Option Key Sends": 0,
  "Character Encoding": 4,
  "Selection Color": {
    "Green Component": 0.2113519012928009,
    "Red Component": 0.18291746079921722,
    "Blue Component": 0.24256426095962524
  },
  "Blend": 0.48146910056089748,
  "Mouse Reporting": true,
  "Cursor Boost": 0,
  "Ansi 4 Color": {
    "Green Component": 0.48589074611663818,
    "Red Component": 0.41643223166465759,
    "Blue Component": 0.57628089189529419
  },
  "Non-ASCII Anti Aliased": true,
  "Sync Title": false,
  "Disable Window Resizing": true,
  "Description": "Default",
  "Close Sessions On End": true,
  "Jobs to Ignore": [
    "rlogin",
    "ssh",
    "slogin",
    "telnet"
  ],
  "Scrollback With Status Bar": false,
  "Scrollback Lines": 1000,
  "Hide After Opening": false,
  "Prevent Opening in a Tab": false,
  "Flashing Bell": true,
  "Cursor Guide Color": {
    "Red Component": 0.65000000000000002,
    "Color Space": "Calibrated",
    "Blue Component": 1,
    "Alpha Component": 0.25,
    "Green Component": 0.91000000000000003
  },
  "BM Growl": true,
  "Ansi 3 Color": {
    "Green Component": 0.71008038520812988,
    "Red Component": 0.86981719732284546,
    "Blue Component": 0.40063473582267761
  },
  "Use Non-ASCII Font": true,
  "Link Color": {
    "Red Component": 0.023,
    "Color Space": "Calibrated",
    "Blue Component": 0.67800000000000005,
    "Alpha Component": 1,
    "Green Component": 0.27000000000000002
  },
  "Shortcut": "",
  "Background Image Location": "",
  "Bold Color": {
    "Green Component": 0.37485924363136292,
    "Red Component": 0.3234245777130127,
    "Blue Component": 0.41846594214439392
  },
  "Use Cursor Guide": false,
  "Unlimited Scrollback": false,
  "Allow Title Setting": true,
  "Custom Command": "No",
  "Keyboard Map": {
    "0xf700-0x260000": {
      "Text": "[1;6A",
      "Action": 10
    },
    "0x37-0x40000": {
      "Text": "0x1f",
      "Action": 11
    },
    "0x32-0x40000": {
      "Text": "0x00",
      "Action": 11
    },
    "0xf709-0x20000": {
      "Text": "[17;2~",
      "Action": 10
    },
    "0xf70c-0x20000": {
      "Text": "[20;2~",
      "Action": 10
    },
    "0xf729-0x20000": {
      "Text": "[1;2H",
      "Action": 10
    },
    "0xf72b-0x40000": {
      "Text": "[1;5F",
      "Action": 10
    },
    "0xf705-0x20000": {
      "Text": "[1;2Q",
      "Action": 10
    },
    "0xf703-0x260000": {
      "Text": "[1;6C",
      "Action": 10
    },
    "0xf700-0x220000": {
      "Text": "[1;2A",
      "Action": 10
    },
    "0xf701-0x280000": {
      "Text": "0x1b 0x1b 0x5b 0x42",
      "Action": 11
    },
    "0x38-0x40000": {
      "Text": "0x7f",
      "Action": 11
    },
    "0x33-0x40000": {
      "Text": "0x1b",
      "Action": 11
    },
    "0xf703-0x220000": {
      "Text": "[1;2C",
      "Action": 10
    },
    "0xf701-0x240000": {
      "Text": "[1;5B",
      "Action": 10
    },
    "0xf70d-0x20000": {
      "Text": "[21;2~",
      "Action": 10
    },
    "0xf702-0x260000": {
      "Text": "[1;6D",
      "Action": 10
    },
    "0xf729-0x40000": {
      "Text": "[1;5H",
      "Action": 10
    },
    "0xf706-0x20000": {
      "Text": "[1;2R",
      "Action": 10
    },
    "0x34-0x40000": {
      "Text": "0x1c",
      "Action": 11
    },
    "0xf700-0x280000": {
      "Text": "0x1b 0x1b 0x5b 0x41",
      "Action": 11
    },
    "0x2d-0x40000": {
      "Text": "0x1f",
      "Action": 11
    },
    "0xf70e-0x20000": {
      "Text": "[23;2~",
      "Action": 10
    },
    "0xf702-0x220000": {
      "Text": "[1;2D",
      "Action": 10
    },
    "0xf703-0x280000": {
      "Text": "0x1b 0x1b 0x5b 0x43",
      "Action": 11
    },
    "0xf700-0x240000": {
      "Text": "[1;5A",
      "Action": 10
    },
    "0xf707-0x20000": {
      "Text": "[1;2S",
      "Action": 10
    },
    "0xf70a-0x20000": {
      "Text": "[18;2~",
      "Action": 10
    },
    "0x35-0x40000": {
      "Text": "0x1d",
      "Action": 11
    },
    "0xf70f-0x20000": {
      "Text": "[24;2~",
      "Action": 10
    },
    "0xf703-0x240000": {
      "Text": "[1;5C",
      "Action": 10
    },
    "0xf701-0x260000": {
      "Text": "[1;6B",
      "Action": 10
    },
    "0xf702-0x280000": {
      "Text": "0x1b 0x1b 0x5b 0x44",
      "Action": 11
    },
    "0xf72b-0x20000": {
      "Text": "[1;2F",
      "Action": 10
    },
    "0x36-0x40000": {
      "Text": "0x1e",
      "Action": 11
    },
    "0xf708-0x20000": {
      "Text": "[15;2~",
      "Action": 10
    },
    "0xf701-0x220000": {
      "Text": "[1;2B",
      "Action": 10
    },
    "0xf70b-0x20000": {
      "Text": "[19;2~",
      "Action": 10
    },
    "0xf702-0x240000": {
      "Text": "[1;5D",
      "Action": 10
    },
    "0xf704-0x20000": {
      "Text": "[1;2P",
      "Action": 10
    }
  },
  "Ansi 14 Color": {
    "Green Component": 0.57874852418899536,
    "Red Component": 0.24830710887908936,
    "Blue Component": 0.659493088722229
  },
  "Ansi 2 Color": {
    "Green Component": 0.72727733850479126,
    "Red Component": 0.354786217212677,
    "Blue Component": 0.46746355295181274
  },
  "Background Image Is Tiled": false,
  "Send Code When Idle": false,
  "ASCII Anti Aliased": true,
  "Tags": [

  ],
  "Ansi 9 Color": {
    "Green Component": 0.25025421380996704,
    "Red Component": 0.71046537160873413,
    "Blue Component": 0.21358194947242737
  },
  "Use Bold Font": true,
  "Silence Bell": false,
  "Ansi 12 Color": {
    "Green Component": 0.48589074611663818,
    "Red Component": 0.41643223166465759,
    "Blue Component": 0.57628089189529419
  },
  "Window Type": 0,
  "Allow Title Reporting": false,
  "Use Bright Bold": false,
  "Cursor Text Color": {
    "Green Component": 0.77144092321395874,
    "Red Component": 0.76960963010787964,
    "Blue Component": 0.70993047952651978
  },
  "Ansi 1 Color": {
    "Green Component": 0.25025421380996704,
    "Red Component": 0.71046537160873413,
    "Blue Component": 0.21358194947242737
  },
  "Default Bookmark": "No",
  "Disable Smcup Rmcup": true,
  "Name": "onerciller",
  "Blinking Cursor": false,
  "Cursor Color": {
    "Green Component": 0.96674919128417969,
    "Red Component": 0.96554505825042725,
    "Blue Component": 0.92647796869277954
  },
  "Guid": "3832DCD1-33F9-4621-BD69-7937E9912DD8",
  "Ansi 8 Color": {
    "Green Component": 0.14692085981369019,
    "Red Component": 0.13559120893478394,
    "Blue Component": 0.16927896440029144
  },
  "Ansi 10 Color": {
    "Green Component": 0.72727733850479126,
    "Red Component": 0.354786217212677,
    "Blue Component": 0.46746355295181274
  },
  "Idle Code": 0,
  "Badge Color": {
    "Red Component": 1,
    "Color Space": "Calibrated",
    "Blue Component": 0,
    "Alpha Component": 0.5,
    "Green Component": 0
  },
  "Smart Cursor Color": true,
  "Semantic History": {
    "action": "best editor",
    "text": "",
    "editor": "com.sublimetext.3"
  },
  "Ambiguous Double Width": false,
  "Cursor Type": 2,
  "Ansi 0 Color": {
    "Green Component": 0.14692085981369019,
    "Red Component": 0.13559120893478394,
    "Blue Component": 0.16927896440029144
  },
  "Blur": false,
  "Normal Font": "DejaVuSansMono 14",
  "Vertical Spacing": 1,
  "Disable Printing": true,
  "Ansi 7 Color": {
    "Green Component": 0.91112786531448364,
    "Red Component": 0.90232068300247192,